,Name,True,R hat,Posterior mean,Posterior std dev
0,epsilon,0.01,1.0037177364203307,0.010161218542890345,8.992756545685076e-05
1,A,1.0,1.003727031561171,0.9932059578732544,0.0037766611358094394
2,alpha,-0.1,1.0024372349166588,-0.1022490835660465,0.0012713437983833593
3,gamma,0.5,1.0025747136029792,0.487162916918136,0.011436754700268207
4,v0,0.2,1.0024252181829534,0.20096661283385137,0.003026557661052951
5,w0,0.0,1.0017630924706318,0.0006368718733640415,0.00045114460599508365
