,Name,true,Optimisation of set 29,R_hat,Posterior mean,Posterior std. dev.
0,P_Cab,8.788728100376493e-05,8.78352e-05,1.0225649188078734,8.783045513693478e-05,8.922054866973245e-08
1,G_Kr,0.0295492046188617,0.0295962175,1.0037134148307056,0.029583568663332664,1.9185216146447603e-05
2,G_ClCa,0.3061882896851191,0.2916044835,1.0063539685611305,0.2915173599013626,0.00016947773176227506
