,Name,true,Optimisation of set 44,R_hat,Posterior mean,Posterior std. dev.
0,P_Cab,7.04106941774164e-05,7.03384e-05,1.0012685542273942,7.031686397388535e-05,7.887386781238501e-08
1,G_Kr,0.0343803475535084,0.0343153257,1.0282305321575371,0.03431076498753886,1.227251554982e-05
2,G_ClCa,0.2450911535310994,0.2440746619,1.0009796681641017,0.24410069744846888,0.00012340948418174314
