,Name,true,Optimisation of set 10,R_hat,Posterior mean,Posterior std. dev.
0,P_Cab,7.619742889192537e-05,7.58108e-05,1.007357380123711,7.971456072061865e-05,3.6711712713849898e-06
1,G_Kr,0.0410187194584105,0.0389171647,1.0101559486432006,0.038361550685140244,0.0003291975205678968
2,G_ClCa,0.2837244108510508,0.7020330747,1.0008857337531805,0.6919209895496745,0.0055014475102890485
