,Name,true,Optimisation of set 35,R_hat,Posterior mean,Posterior std. dev.
0,P_Cab,8.88333131421323e-05,8.84241e-05,0.9998584789653766,8.791403710623803e-05,2.697455654034069e-06
1,G_Kr,0.0411819851143287,0.0378304216,1.0010057883936956,0.03748392788230113,0.00023626569587540793
2,G_ClCa,0.2917448708282137,0.9486948708,1.0199668400727133,0.9518651766521885,0.0020925058005978724
