,Name,true,Optimisation of set 2,R_hat,Posterior mean,Posterior std. dev.
0,P_Cab,0.0001035975191682,0.0001038036,1.0026066482965839,0.00010387847782766029,1.1519582472296972e-07
1,G_Kr,0.0357951982208712,0.0357263523,1.0224660503388308,0.035740763439434095,1.3180939610112183e-05
2,G_ClCa,0.2642792648118039,0.2689997678,1.0000613479866265,0.2687988440460791,0.00016656589388410045
