,Name,true,Optimisation of set 22,R_hat,Posterior mean,Posterior std. dev.
0,P_Cab,8.285229723701941e-05,8.2641e-05,1.005721217648238,8.263894324005227e-05,7.388511593924894e-08
1,G_Kr,0.03693201090335,0.0368482076,1.0026284018816618,0.03684354142045674,2.178772847739342e-05
2,G_ClCa,0.2997219682881563,0.301156938,1.0273829719164256,0.30112022828649165,0.00018788077251742508
