,Name,true,Optimisation of set 12,R_hat,Posterior mean,Posterior std. dev.
0,P_Cab,8.6381068219022e-05,8.84957e-05,1.0176450525132905,8.462692819106626e-05,2.4556295746014745e-06
1,G_Kr,0.0226641883535188,0.0227210602,1.0358014649640095,0.022945581486422173,0.0005060587093736331
2,G_ClCa,0.2276595059447264,0.2963914937,1.0002044558069854,0.3006252046933275,0.003982004140140931
