,Name,true,Optimisation of set 40,R_hat,Posterior mean,Posterior std. dev.
0,P_Cab,9.369516941827268e-05,9.34214e-05,1.0213168140070996,9.343873241630928e-05,7.631077105828999e-08
1,G_Kr,0.0277212994051633,0.0277479079,0.9998399412229504,0.02774533979618675,1.314833116820139e-05
2,G_ClCa,0.3441221633898699,0.3469075958,1.034224235620064,0.34688741179614746,9.989812289593956e-05
