,Name,true,Optimisation of set 14,R_hat,Posterior mean,Posterior std. dev.
0,P_Cab,8.230404702180122e-05,8.22817e-05,1.0217121484477494,8.22851403074623e-05,8.980950472216001e-08
1,G_Kr,0.0306501857057375,0.0304918806,1.0360547004071194,0.030495170247794603,1.5170231836056799e-05
2,G_ClCa,0.221248429720781,0.2400631579,1.0008200520713668,0.24003312823073128,0.000184534447944533
