,Name,true,Optimisation of set 17,R_hat,Posterior mean,Posterior std. dev.
0,P_Cab,7.891899951587559e-05,7.89581e-05,1.0242463736094418,7.901083711970108e-05,7.94115456915375e-08
1,G_Kr,0.0288406205685268,0.0288773642,0.9999248615989096,0.028888620893670846,1.7458999157606842e-05
2,G_ClCa,0.3103849353376188,0.3053457962,1.0213656843378054,0.305218139033471,0.00017965350694205056
