,Name,true,Optimisation of set 49,R_hat,Posterior mean,Posterior std. dev.
0,P_Cab,6.716737731868505e-05,6.72647e-05,0.9998000756201705,6.729380139290273e-05,1.2574733932633057e-07
1,G_Kr,0.0346131486384453,0.0348075484,1.0067208193157997,0.034805643020497004,1.4090949768590447e-05
2,G_ClCa,0.2969649113900292,0.2722907604,1.0454191450567945,0.2722642890317521,0.00017145972320971537
