,Name,true,Optimisation of set 10,R_hat,Posterior mean,Posterior std. dev.
0,P_Cab,7.619742889192537e-05,7.62991e-05,1.0174034357426265,7.633764630130277e-05,7.109042271893658e-08
1,G_Kr,0.0410187194584105,0.0409129068,1.0215550745124653,0.040928520500405546,1.2525504643329341e-05
2,G_ClCa,0.2837244108510508,0.3042284039,1.0011027350184758,0.30418987946102205,0.0002212523375867191
