,Name,true,Optimisation of set 42,R_hat,Posterior mean,Posterior std. dev.
0,P_Cab,7.131234735240435e-05,7.41296e-05,1.0026941423584035,7.84023214324625e-05,3.058465549680719e-06
1,G_Kr,0.0293732764319626,0.0283305167,1.0100696958510877,0.027983019174909276,0.000500610073781465
2,G_ClCa,0.2885496324641624,0.7453147667,1.0005217415526053,0.7536932088155882,0.008438357658410292
