,Name,true,Optimisation of set 24,R_hat,Posterior mean,Posterior std. dev.
0,P_Cab,8.330689776634017e-05,8.49571e-05,1.0001850629325297,8.472660572454579e-05,2.064898781385661e-06
1,G_Kr,0.0396337592027444,0.0373761961,1.0290180630548327,0.03740918786451744,0.0003248450165703344
2,G_ClCa,0.1725809700360928,0.7435953229,1.0116833081559622,0.7545781172554289,0.0041556483200108
