,Name,true,Optimisation of set 32,R_hat,Posterior mean,Posterior std. dev.
0,P_Cab,8.747732190691466e-05,8.777e-05,0.9998430890465975,8.60945129320588e-05,1.7714855120383103e-06
1,G_Kr,0.0333569811355461,0.0311643879,1.004314778926729,0.030918673991866864,0.00046377512620192086
2,G_ClCa,0.2845180633585177,0.797555016,1.0156886360719946,0.8022169610032057,0.005932450875663894
