,Name,true,Optimisation of set 19,R_hat,Posterior mean,Posterior std. dev.
0,P_Cab,7.987219485537448e-05,8.00316e-05,1.002940739746835,7.997309040142398e-05,6.863270308642376e-08
1,G_Kr,0.0336950334222081,0.0338690163,0.9998851145647596,0.03387952876539363,1.422501835712369e-05
2,G_ClCa,0.325902121946133,0.3004959184,0.9998165901772604,0.30046679032159257,0.00018959156071141712
