,Name,true,Optimisation of set 6,R_hat,Posterior mean,Posterior std. dev.
0,P_Cab,7.234899412598549e-05,7.04975e-05,1.0140654720818496,7.040314883771555e-05,2.5680853031382622e-06
1,G_Kr,0.0252997576780705,0.0245924418,0.9998955551901608,0.025180156155351824,0.0006686106036327594
2,G_ClCa,0.3468025917506596,0.5133897297,1.0023721927045257,0.5143879880221437,0.0017300667140523567
