,Name,true,Optimisation of set 25,R_hat,Posterior mean,Posterior std. dev.
0,P_Cab,9.408301320884336e-05,9.44673e-05,0.9998163781740238,9.192448906326522e-05,3.692922193152222e-06
1,G_Kr,0.0325191316335667,0.032610019,1.0008711263514976,0.033252510885106466,0.00040037349309337216
2,G_ClCa,0.2715488315393831,0.1714662499,1.0032551895124513,0.1770565074101985,0.003777277378797713
