,Name,true,Optimisation of set 9,R_hat,Posterior mean,Posterior std. dev.
0,P_Cab,8.847710083838677e-05,8.83403e-05,1.0215127107846635,8.839103310193156e-05,8.253556242605508e-08
1,G_Kr,0.0292079247080409,0.0290757244,1.0301821571865966,0.02907878311545401,1.29127487115841e-05
2,G_ClCa,0.2718607200400657,0.28201084,1.0124473383400499,0.281811917189479,0.00018921576929103315
