,Name,true,Optimisation of set 0,R_hat,Posterior mean,Posterior std. dev.
0,P_Cab,8.999749309706428e-05,9.01011e-05,1.0235070446559371,9.00727810532291e-05,1.1037990960826226e-07
1,G_Kr,0.0314342573898607,0.0314388756,0.9999203577566808,0.031417393885811544,2.126753272985474e-05
2,G_ClCa,0.311920677707304,0.309450703,1.049489374636039,0.3093674903668402,0.00021848392083200356
