,Name,true,Optimisation of set 41,R_hat,Posterior mean,Posterior std. dev.
0,P_Cab,6.614477408005604e-05,6.59813e-05,1.0186198255292347,6.594840853649563e-05,7.808443016003253e-08
1,G_Kr,0.0349257169066483,0.0352137944,1.004588795183975,0.03522079156991859,1.5294996362943404e-05
2,G_ClCa,0.3777119801626665,0.3456453296,1.0154456266643521,0.34561868272725915,0.00018108150815113487
