,Name,true,Optimisation of set 28,R_hat,Posterior mean,Posterior std. dev.
0,P_Cab,7.35994501953713e-05,7.3678e-05,1.0556341783836274,7.36108453029238e-05,1.052790115219411e-07
1,G_Kr,0.0296840398351404,0.0297553163,1.0298445394783402,0.02975970926181895,1.762035693625177e-05
2,G_ClCa,0.3233373233094049,0.3170069592,1.0010729056716434,0.31688510726790553,0.00014198349248255464
