,Name,true,Optimisation of set 8,R_hat,Posterior mean,Posterior std. dev.
0,P_Cab,7.691762042129165e-05,7.72841e-05,1.001979570344852,7.676877936474606e-05,3.1719615241880655e-06
1,G_Kr,0.032634092269453,0.0308054788,1.0052810704044812,0.03030801270508718,0.0004862435985354939
2,G_ClCa,0.2352158788908259,0.8101691196,1.0764838714246614,0.8094322238181525,0.00444317173381891
