,Name,true,Optimisation of set 30,R_hat,Posterior mean,Posterior std. dev.
0,P_Cab,8.497663864511157e-05,8.48631e-05,1.0003693104724933,8.490665699335657e-05,8.815834665155909e-08
1,G_Kr,0.0367640256294158,0.0367812601,1.055595328207081,0.03677772272805299,1.1041959148166245e-05
2,G_ClCa,0.2543609458116003,0.2468436037,1.0049447688145563,0.246824054940422,0.00015017942067851471
