,Name,true,Optimisation of set 17,R_hat,Posterior mean,Posterior std. dev.
0,P_Cab,7.891899951587559e-05,8.01359e-05,1.0051884316133834,8.329004706618806e-05,3.752272354909714e-06
1,G_Kr,0.0288406205685268,0.0264011674,1.0090545708462852,0.02630645778798487,0.00042410324200475695
2,G_ClCa,0.3103849353376188,0.9379406118,1.0081026789951486,0.9395832247760635,0.0018792875583722478
