,Name,true,Optimisation of set 49,R_hat,Posterior mean,Posterior std. dev.
0,P_Cab,6.716737731868505e-05,6.86099e-05,1.0035963441382891,7.637387518777053e-05,3.3039101854960265e-06
1,G_Kr,0.0346131486384453,0.0342032665,1.0010371527074309,0.03527696976244151,0.0004940715864834046
2,G_ClCa,0.2969649113900292,0.4966821332,1.0023118044898025,0.494564075124843,0.0012197590102014854
