,Name,true,Optimisation of set 24,R_hat,Posterior mean,Posterior std. dev.
0,P_Cab,8.330689776634017e-05,8.32295e-05,1.0005842291497216,8.328968130928347e-05,7.187388337461496e-08
1,G_Kr,0.0396337592027444,0.039688725,1.000565394624879,0.0396846714784461,1.4082691475701621e-05
2,G_ClCa,0.1725809700360928,0.1677514109,1.014277489964467,0.16782144463202245,0.000120849990185746
