,Name,true,Optimisation of set 33,R_hat,Posterior mean,Posterior std. dev.
0,P_Cab,8.080975282048468e-05,7.96355e-05,1.0024216054731987,7.807545347547984e-05,2.100444528496907e-06
1,G_Kr,0.0252849898770272,0.0227879903,1.003472377027388,0.022293480001641913,0.00045974126886921823
2,G_ClCa,0.2663615802106712,0.9159517563,0.9998244432065654,0.9160096511190293,0.0026864628015483808
