,Name,true,Optimisation of set 4,R_hat,Posterior mean,Posterior std. dev.
0,P_Cab,8.679690509693345e-05,8.67349e-05,0.9998336626805171,8.675278591907884e-05,1.0210883051393725e-07
1,G_Kr,0.0228875556219727,0.0228622079,1.0046482890385642,0.022865779212192,2.0159644452219486e-05
2,G_ClCa,0.2107408790324817,0.2139310001,1.025132874340372,0.21391369786327086,0.00016609381193550212
