,Name,true,Optimisation of set 34,R_hat,Posterior mean,Posterior std. dev.
0,P_Cab,7.94512890358901e-05,8.08573e-05,1.0017056976202825,8.384120174070412e-05,3.071595641825318e-06
1,G_Kr,0.0282370349486979,0.0259440715,1.000219571855184,0.025068054154516423,0.0003992435032144094
2,G_ClCa,0.277421970826003,0.8854542794,1.0009073328078268,0.8813945014061048,0.004083245154853091
