,Name,true,Optimisation of set 12,R_hat,Posterior mean,Posterior std. dev.
0,P_Cab,8.6381068219022e-05,8.61589e-05,1.0151213553656628,8.615765793767093e-05,1.1257100067741645e-07
1,G_Kr,0.0226641883535188,0.0225733863,1.0291794808339823,0.022573885800351738,1.3562947456038004e-05
2,G_ClCa,0.2276595059447264,0.2408680219,1.0024329092477504,0.2407287660094092,0.00020903562302427634
