,Name,true,Optimisation of set 14,R_hat,Posterior mean,Posterior std. dev.
0,P_Cab,8.230404702180122e-05,8.23833e-05,1.0023724502028546,8.540978808428072e-05,2.7598737696522303e-06
1,G_Kr,0.0306501857057375,0.0278246101,1.0024420990467278,0.02821196586352606,0.0005427891051703341
2,G_ClCa,0.221248429720781,0.8160629635,0.9998146547782045,0.8121948011252205,0.006115690158790783
