,Name,true,Optimisation of set 48,R_hat,Posterior mean,Posterior std. dev.
0,P_Cab,8.702205047967978e-05,8.70486e-05,1.003101008023175,8.693082908269582e-05,1.4242249009324756e-07
1,G_Kr,0.0358644771276077,0.0357429153,1.019365446438457,0.03572272466877233,1.298099014648587e-05
2,G_ClCa,0.2315502369346042,0.243937852,1.01637606822715,0.24379593001247327,0.00016745371642953158
