,Name,true,Optimisation of set 6,R_hat,Posterior mean,Posterior std. dev.
0,P_Cab,7.234899412598549e-05,7.22912e-05,1.001321086374478,7.228472174806751e-05,6.903540695641412e-08
1,G_Kr,0.0252997576780705,0.0252381884,1.0001579741606652,0.02523995405523827,1.7314695722498316e-05
2,G_ClCa,0.3468025917506596,0.3663583954,1.043048479343607,0.36643994443060884,0.00011594417818561442
