,Name,true,Optimisation of set 18,R_hat,Posterior mean,Posterior std. dev.
0,P_Cab,9.6710014050854e-05,9.76102e-05,1.0037671370159413,9.826563422153561e-05,3.2641069133712027e-06
1,G_Kr,0.0365841137735444,0.0326432257,1.0171746774413766,0.03284216521101615,0.00031752575936978416
2,G_ClCa,0.2485115687221706,0.9918337193,1.0297360075559179,0.9916488729344188,0.0004991620440671853
