,Name,true,Optimisation of set 38,R_hat,Posterior mean,Posterior std. dev.
0,P_Cab,8.134026340092414e-05,8.14946e-05,1.0007613640636075,8.15002684018492e-05,9.840134946304694e-08
1,G_Kr,0.0335519504533363,0.033478604,1.0027147743713734,0.03348389967258761,1.2195714583714816e-05
2,G_ClCa,0.2828197165809199,0.3014082563,1.0002520793125516,0.3012946777457817,0.00017310297548074922
