,Name,true,Optimisation of set 5,R_hat,Posterior mean,Posterior std. dev.
0,P_Cab,7.669267251200458e-05,7.65649e-05,1.078497408899653,7.653441979051411e-05,8.017758763746216e-08
1,G_Kr,0.0272232181555897,0.0272124325,0.9998226274524673,0.027215782828864384,1.9767298852107895e-05
2,G_ClCa,0.2977010774985254,0.3012967444,1.00839878314873,0.3012394269153581,0.00015439276789328693
