,Name,true,Optimisation of set 20,R_hat,Posterior mean,Posterior std. dev.
0,P_Cab,7.773687050411881e-05,7.76381e-05,1.00276995266183,7.767222969912858e-05,1.133154690753704e-07
1,G_Kr,0.0312060520273637,0.031233363,1.0201890340241992,0.0312342458322991,1.7223342552667216e-05
2,G_ClCa,0.2371203450335129,0.2363083815,1.0336449316276033,0.2363360512342757,0.00020424313679875074
