,Name,true,Optimisation of set 27,R_hat,Posterior mean,Posterior std. dev.
0,P_Cab,8.824360164781641e-05,8.81197e-05,1.000037027778595,8.816225307639605e-05,7.180285798114457e-08
1,G_Kr,0.0392160598254303,0.0392120914,0.9998529472970468,0.03919181494508886,1.770922825364833e-05
2,G_ClCa,0.2621983665417203,0.257117944,1.010419155042402,0.25724092723739495,0.00023957710816848262
