,Name,true,Optimisation of set 46,R_hat,Posterior mean,Posterior std. dev.
0,P_Cab,9.397766423628472e-05,9.39758e-05,1.0320142635323637,9.330882828010245e-05,3.4647628502169243e-06
1,G_Kr,0.0261733883163705,0.025307595,1.0003954299258966,0.024388249908064076,0.0006508769961418401
2,G_ClCa,0.2940000289111931,0.4480506918,1.000822612235751,0.44659225443187117,0.003157659887188838
