,Name,true,Optimisation of set 13,R_hat,Posterior mean,Posterior std. dev.
0,P_Cab,8.623027597990353e-05,8.77686e-05,1.006278525464364,8.519410632829241e-05,3.3476041617809327e-06
1,G_Kr,0.0356557165826778,0.0345453689,1.0000744043131864,0.03472105764218059,0.0006264220540612073
2,G_ClCa,0.2916080003513462,0.6510326014,1.0250832771459288,0.6476237287967143,0.003951916545043306
