,Name,true,Optimisation of set 40,R_hat,Posterior mean,Posterior std. dev.
0,P_Cab,9.369516941827268e-05,9.59955e-05,1.0180655370508562,9.564394966665522e-05,2.9611127754117823e-06
1,G_Kr,0.0277212994051633,0.0254985128,1.0011344264924897,0.026065202719788363,0.0004622791799888127
2,G_ClCa,0.3441221633898699,0.8984429521,0.999828122465477,0.8997697244690566,0.0018259179798467877
