,Name,true,Optimisation of set 7,R_hat,Posterior mean,Posterior std. dev.
0,P_Cab,8.092044816002239e-05,8.06922e-05,0.9998018197213956,8.06942851918318e-05,9.594056878931199e-08
1,G_Kr,0.0324251483055723,0.0325372779,1.0140132968744893,0.03253670184138305,2.103380870052502e-05
2,G_ClCa,0.2235416135989271,0.2075487026,1.0082554723259738,0.20765691381101511,0.00010283618102078791
