,Name,true,Optimisation of set 26,R_hat,Posterior mean,Posterior std. dev.
0,P_Cab,8.490984110404261e-05,8.54502e-05,1.015735486955687,8.557614405945726e-05,3.0226928817806194e-06
1,G_Kr,0.0225298556761966,0.0204902383,1.0035364924199122,0.020394808431968798,0.0004440684894787446
2,G_ClCa,0.2749320923431693,0.820240839,1.0256179666420733,0.8281008472741407,0.0050066351693462685
