,Name,true,Optimisation of set 19,R_hat,Posterior mean,Posterior std. dev.
0,P_Cab,7.987219485537448e-05,8.03439e-05,1.0313481689945245,8.262365323537311e-05,4.055854868578481e-06
1,G_Kr,0.0336950334222081,0.0319338027,1.0306905327561309,0.03222913826472509,0.0004705337804964444
2,G_ClCa,0.325902121946133,0.8242683243,1.005974479418263,0.8275571961146794,0.004133347782159614
