,Name,true,Optimisation of set 21,R_hat,Posterior mean,Posterior std. dev.
0,P_Cab,6.872839826803129e-05,6.85034e-05,1.029828491969124,6.851465324845147e-05,8.44823542439921e-08
1,G_Kr,0.036012311834828,0.0359485355,1.0020093272644006,0.035953233108637996,1.4833049663261471e-05
2,G_ClCa,0.3421368560184027,0.3324192726,1.0131484623754055,0.3324191171881967,0.00014727893763097612
