,Name,true,Optimisation of set 23,R_hat,Posterior mean,Posterior std. dev.
0,P_Cab,7.56520057070308e-05,7.90647e-05,1.0043468599419718,7.150143921275359e-05,2.678367330037252e-06
1,G_Kr,0.033840119840523,0.0325203566,1.010864420334733,0.03168092788667011,0.000551096787315771
2,G_ClCa,0.3498895693769412,0.7661286861,1.0052126446767486,0.7680280856217769,0.0075899849524401295
