,Name,true,Optimisation of set 15,R_hat,Posterior mean,Posterior std. dev.
0,P_Cab,7.471320129562265e-05,7.5046e-05,1.007267075653372,7.50841294525981e-05,9.323166822241081e-08
1,G_Kr,0.0298820243178286,0.0299633747,1.0017252720038814,0.029967943824197367,1.9997936048954e-05
2,G_ClCa,0.3293809773371056,0.3300338795,1.0422184487460104,0.3298943344459649,0.00017951615032057105
