,Name,true,Optimisation of set 11,R_hat,Posterior mean,Posterior std. dev.
0,P_Cab,7.04683958585161e-05,7.39609e-05,1.0236470324191682,7.671328034480374e-05,3.206754388593555e-06
1,G_Kr,0.0360605537517768,0.0350900136,0.9998381598906393,0.03452525398463767,0.0004920906334970709
2,G_ClCa,0.2322371225469857,0.8181825085,1.0417905463902362,0.8228901423871228,0.0044703684281608555
