,Name,true,Optimisation of set 45,R_hat,Posterior mean,Posterior std. dev.
0,P_Cab,0.0001032296783941,0.000104175,0.9998205401569182,0.0001015709455831308,3.4695243878515074e-06
1,G_Kr,0.028328635397401,0.0284733441,1.0183783433910576,0.028202281620169117,0.000513160578524154
2,G_ClCa,0.2705656866414089,0.2534473486,1.0039556331367685,0.2476406423872909,0.004326443259059305
