,Name,true,Optimisation of set 46,R_hat,Posterior mean,Posterior std. dev.
0,P_Cab,9.397766423628472e-05,9.41434e-05,1.0030692734310696,9.424753578869823e-05,9.500924439914949e-08
1,G_Kr,0.0261733883163705,0.0260611745,1.0292959690523547,0.0260617352812742,1.3607876009544072e-05
2,G_ClCa,0.2940000289111931,0.3170224699,0.9998123537060851,0.31690041400557345,0.0001651202268742389
