,Name,true,Optimisation of set 32,R_hat,Posterior mean,Posterior std. dev.
0,P_Cab,8.747732190691466e-05,8.75328e-05,1.003676484403594,8.755771694080508e-05,1.1193243490101385e-07
1,G_Kr,0.0333569811355461,0.0334952427,1.0008041805681782,0.033500961122796026,1.7939866655196706e-05
2,G_ClCa,0.2845180633585177,0.2604037432,0.9998007686282987,0.26040068005744405,0.00019015243994247106
