,Name,true,Optimisation of set 39,R_hat,Posterior mean,Posterior std. dev.
0,P_Cab,6.907425504046513e-05,6.93248e-05,1.000401529186515,6.940056336377133e-05,5.83363711839529e-08
1,G_Kr,0.0376026918518898,0.0375097208,1.0056360083039566,0.03751001905967593,1.5243456452815877e-05
2,G_ClCa,0.3163661841789275,0.3425362315,1.0008163439379463,0.3425775066266344,0.0002032884371739918
