,Name,true,Optimisation of set 23,R_hat,Posterior mean,Posterior std. dev.
0,P_Cab,7.56520057070308e-05,7.5799e-05,1.039240118654783,7.572421903725075e-05,9.970612039461508e-08
1,G_Kr,0.033840119840523,0.0339212601,1.0003561327549164,0.03392035538807644,1.4016472769418108e-05
2,G_ClCa,0.3498895693769412,0.3482831283,1.0072998230741466,0.3482920017456706,0.00017743651755363181
