,Name,true,Optimisation of set 13,R_hat,Posterior mean,Posterior std. dev.
0,P_Cab,8.623027597990353e-05,8.65806e-05,1.0134929327588078,8.658761586759269e-05,1.1564636687426048e-07
1,G_Kr,0.0356557165826778,0.0357168189,1.0056257912474653,0.0356951645521343,1.841648487165006e-05
2,G_ClCa,0.2916080003513462,0.3010806896,1.0089931582785916,0.3011744574134588,0.00013128756683975803
