,Name,true,Optimisation of set 16,R_hat,Posterior mean,Posterior std. dev.
0,P_Cab,8.807406556190784e-05,9.03368e-05,1.028579132403204,9.147414425040947e-05,2.4376641443320826e-06
1,G_Kr,0.0236109616519284,0.0232966921,1.016105919220145,0.023679124085145612,0.0003968609480195924
2,G_ClCa,0.298120560874841,0.2592093814,1.0010877516893655,0.2592957382868468,0.004382630948246019
