,Name,true,Optimisation of set 47,R_hat,Posterior mean,Posterior std. dev.
0,P_Cab,0.0001001793533505,9.98499e-05,1.0031038455221306,9.980615188298549e-05,8.988319298920513e-08
1,G_Kr,0.0243599682255876,0.0242697534,1.0169601922963791,0.024258714097367656,1.8137558878616362e-05
2,G_ClCa,0.2921737108971101,0.2996568048,1.019964605025884,0.2994775075996252,0.0002649131651574997
