,Name,true,Optimisation of set 31,R_hat,Posterior mean,Posterior std. dev.
0,P_Cab,7.964040023811162e-05,8.21345e-05,1.0309117093146163,8.38052088754117e-05,3.3826321178996163e-06
1,G_Kr,0.0302119992426686,0.028065437,1.0164183219039749,0.027610075585722926,0.000406482024263938
2,G_ClCa,0.2218884050369058,0.9701593999,1.0010368869146804,0.96622610118103,0.0018423904114958944
