,Name,true,Optimisation of set 27,R_hat,Posterior mean,Posterior std. dev.
0,P_Cab,8.824360164781641e-05,8.67023e-05,1.0582663878288097,8.254859881271058e-05,3.1858206876699648e-06
1,G_Kr,0.0392160598254303,0.0394616484,0.999924165980281,0.038940204096629474,0.000427928143338524
2,G_ClCa,0.2621983665417203,0.0211492305,1.0109478965114107,0.020598160381377614,0.0003671547852130497
