,Name,true,Optimisation of set 3,R_hat,Posterior mean,Posterior std. dev.
0,P_Cab,9.057348023559446e-05,9.25913e-05,1.007051464945027,9.666597408151625e-05,3.469016498998364e-06
1,G_Kr,0.0298686438091079,0.03009668,1.0796710905906863,0.030960126270505397,0.0005624807532574639
2,G_ClCa,0.2644389546589964,0.2664454146,0.9998987262255178,0.26929437055314026,0.005048351624104083
