,Name,true,Optimisation of set 33,R_hat,Posterior mean,Posterior std. dev.
0,P_Cab,8.080975282048468e-05,8.07618e-05,1.0059064993947866,8.074544714164698e-05,9.788983985930244e-08
1,G_Kr,0.0252849898770272,0.0252964438,1.0211781838966891,0.025297521541696694,1.71836218907614e-05
2,G_ClCa,0.2663615802106712,0.2751434566,1.0002421130807035,0.27535032580519714,0.0001934160534618098
