,Name,true,Optimisation of set 2,R_hat,Posterior mean,Posterior std. dev.
0,P_Cab,0.0001035975191682,0.0001055891,1.0246434932882846,0.00010339045305923836,3.417556981873237e-06
1,G_Kr,0.0357951982208712,0.0358797546,0.9999610462408265,0.035640510754698485,0.0002955107745220299
2,G_ClCa,0.2642792648118039,0.292465061,1.0244078185218286,0.29206689559523513,0.005952868346780761
