,Name,true,Optimisation of set 7,R_hat,Posterior mean,Posterior std. dev.
0,P_Cab,8.092044816002239e-05,8.24534e-05,1.003243304552404,8.569034594844291e-05,3.121155609842971e-06
1,G_Kr,0.0324251483055723,0.0331602332,1.0049193176903908,0.032735720139862104,0.0003651768727605536
2,G_ClCa,0.2235416135989271,0.1844735067,1.0048862619947032,0.189279096621771,0.0037408467760663773
