,Name,true,Optimisation of set 30,R_hat,Posterior mean,Posterior std. dev.
0,P_Cab,8.497663864511157e-05,8.61072e-05,1.00867978775116,8.971519921636315e-05,3.0623003139128115e-06
1,G_Kr,0.0367640256294158,0.0346830229,1.0341193911203905,0.03397114571010507,0.0003610944345131228
2,G_ClCa,0.2543609458116003,0.5812547514,1.024962488535034,0.5786040453039568,0.003644699898485601
