,Name,true,Optimisation of set 43,R_hat,Posterior mean,Posterior std. dev.
0,P_Cab,7.743155844572843e-05,7.74133e-05,1.0000204139264102,7.740507167242668e-05,1.1084064949940233e-07
1,G_Kr,0.0246335555794165,0.0245547364,1.0067429348568846,0.024547224698071475,2.3137811338089302e-05
2,G_ClCa,0.287223868060603,0.3010596809,1.0033693383078268,0.30124991091107556,0.00015390514955425635
