,Name,true,Optimisation of set 39,R_hat,Posterior mean,Posterior std. dev.
0,P_Cab,6.907425504046513e-05,7.04669e-05,1.010129677928427,7.408198025474059e-05,2.6833202650135368e-06
1,G_Kr,0.0376026918518898,0.0356132478,1.007128055313436,0.03613355973102469,0.00038952454844066987
2,G_ClCa,0.3163661841789275,0.9935792274,1.0037958061827732,0.993949363473618,0.0004576740598098773
