,Name,true,Optimisation of set 29,R_hat,Posterior mean,Posterior std. dev.
0,P_Cab,8.788728100376493e-05,8.96694e-05,1.0242688535767288,8.603369492243341e-05,1.871459333973512e-06
1,G_Kr,0.0295492046188617,0.0272193795,1.069387892976345,0.027495097007355817,0.0005793068901241242
2,G_ClCa,0.3061882896851191,0.8798737402,0.999902235958524,0.8856397195986132,0.0038788096147588853
