,Name,true,Optimisation of set 21,R_hat,Posterior mean,Posterior std. dev.
0,P_Cab,6.872839826803129e-05,7.03522e-05,1.0167660117426995,7.2432821465229e-05,2.9468573929982073e-06
1,G_Kr,0.036012311834828,0.0350305627,1.0483642076190176,0.03411919027121036,0.0006313511810687053
2,G_ClCa,0.3421368560184027,0.996275548,1.02111677219528,0.9963215799357462,0.0002855724145010566
