,Name,true,Optimisation of set 44,R_hat,Posterior mean,Posterior std. dev.
0,P_Cab,7.04106941774164e-05,7.52843e-05,1.038460023996204,7.65510750594818e-05,2.34228415703927e-06
1,G_Kr,0.0343803475535084,0.0340424836,1.0003822334812553,0.03370046951566578,0.000504785411548793
2,G_ClCa,0.2450911535310994,0.9059913499,1.0018227281229488,0.9072579771582893,0.00303851136076702
