,Name,true,Optimisation of set 1,R_hat,Posterior mean,Posterior std. dev.
0,P_Cab,0.0001028916617524,0.0001025605,1.0044155863417825,0.00010255775391078061,7.80224186063689e-08
1,G_Kr,0.0309725515007071,0.0309429546,1.0007015469132754,0.03094810538756729,1.867056289735273e-05
2,G_ClCa,0.2743152294709022,0.278482024,1.0061790390883483,0.27854446118123527,0.0001935939133084509
