,Name,true,Optimisation of set 28,R_hat,Posterior mean,Posterior std. dev.
0,P_Cab,7.35994501953713e-05,7.85053e-05,1.017310190534431,7.929013036804478e-05,4.235772465779642e-06
1,G_Kr,0.0296840398351404,0.0282198765,1.0027264874675081,0.028838499914160643,0.00041032616962820615
2,G_ClCa,0.3233373233094049,0.9325068736,1.054999524156516,0.9358335280336662,0.0041491081483080216
