,Name,true,Optimisation of set 35,R_hat,Posterior mean,Posterior std. dev.
0,P_Cab,8.88333131421323e-05,8.89308e-05,1.0030529874044118,8.885702409872214e-05,7.658131488274023e-08
1,G_Kr,0.0411819851143287,0.041187125,0.9999770209827841,0.04117070573800276,1.4591644614279894e-05
2,G_ClCa,0.2917448708282137,0.2850498208,1.0125000278969787,0.2849038584652698,0.0001489012851119056
