,Name,true,Optimisation of set 8,R_hat,Posterior mean,Posterior std. dev.
0,P_Cab,7.691762042129165e-05,7.67691e-05,1.0562117793399113,7.6818573902991e-05,8.947191348944895e-08
1,G_Kr,0.032634092269453,0.0324277862,1.0022256182765157,0.03244282665250141,2.0226806703187732e-05
2,G_ClCa,0.2352158788908259,0.26013629,1.000270880172167,0.26022102586106305,0.0002044382730141196
