,Name,true,Optimisation of set 16,R_hat,Posterior mean,Posterior std. dev.
0,P_Cab,8.807406556190784e-05,8.83008e-05,1.0010644665267567,8.823430897501916e-05,1.0281750215560566e-07
1,G_Kr,0.0236109616519284,0.0236805652,1.0020234851943794,0.023690501574147694,2.044872004370133e-05
2,G_ClCa,0.298120560874841,0.2908263593,1.0605744894504772,0.2910450655869296,0.00014775217851389403
