,Name,true,Optimisation of set 18,R_hat,Posterior mean,Posterior std. dev.
0,P_Cab,9.6710014050854e-05,9.67728e-05,1.0200364534057607,9.669671417216353e-05,9.156198660667045e-08
1,G_Kr,0.0365841137735444,0.0365613554,0.9999035862822572,0.03655114214062062,1.5807502571875287e-05
2,G_ClCa,0.2485115687221706,0.2539999519,1.0420293259191604,0.25401241449083417,0.00020020215297469044
