,Name,true,Optimisation of set 0,R_hat,Posterior mean,Posterior std. dev.
0,P_Cab,8.999749309706428e-05,9.46746e-05,1.012938263230481,9.227447271547994e-05,2.7654820986790635e-06
1,G_Kr,0.0314342573898607,0.033387329,1.0027886656558356,0.03365775156950941,0.00031519364062470613
2,G_ClCa,0.311920677707304,0.057950065,1.000086015091017,0.05585687103362075,0.0022419565313156666
