,Name,true,Optimisation of set 11,R_hat,Posterior mean,Posterior std. dev.
0,P_Cab,7.04683958585161e-05,7.03195e-05,1.0035559479989113,7.029679347798534e-05,1.2731544196482438e-07
1,G_Kr,0.0360605537517768,0.035996366,1.0121955289749123,0.036000839558113985,1.0409807876238481e-05
2,G_ClCa,0.2322371225469857,0.2217974499,1.0088325420191369,0.221820678765984,0.0001744717865465688
