,Name,true,Optimisation of set 25,R_hat,Posterior mean,Posterior std. dev.
0,P_Cab,9.408301320884336e-05,9.40447e-05,1.0020065149929094,9.399972593608734e-05,1.3453235649472555e-07
1,G_Kr,0.0325191316335667,0.0325859277,1.000385579805094,0.03259809829764559,1.8435081095957954e-05
2,G_ClCa,0.2715488315393831,0.2619625608,1.0104271525610977,0.2618124401806046,0.00018365789620831185
