,Name,true,Optimisation of set 1,R_hat,Posterior mean,Posterior std. dev.
0,P_Cab,0.0001028916617524,0.0001006894,0.9998003573332909,9.688251231661782e-05,3.6647126894587086e-06
1,G_Kr,0.0309725515007071,0.0287950744,0.9998165809032725,0.028310079366843228,0.0005703002737546798
2,G_ClCa,0.2743152294709022,0.7012049092,1.0002692034101102,0.7119662346517561,0.0054009617795138885
