,Name,true,Optimisation of set 22,R_hat,Posterior mean,Posterior std. dev.
0,P_Cab,8.285229723701941e-05,8.43029e-05,1.0015886445053883,8.673840414076414e-05,2.763484073367052e-06
1,G_Kr,0.03693201090335,0.0375506092,0.9998075642521719,0.03759609000386189,0.00043426142330381243
2,G_ClCa,0.2997219682881563,0.2589451119,1.011475202133016,0.2608851162153289,0.005624236956009377
