,Name,true,Optimisation of set 15,R_hat,Posterior mean,Posterior std. dev.
0,P_Cab,7.471320129562265e-05,8.24028e-05,1.003503787224289,8.404732043101595e-05,2.524945648633005e-06
1,G_Kr,0.0298820243178286,0.0286610866,1.0123131584122784,0.02928488802252218,0.00045998649961804546
2,G_ClCa,0.3293809773371056,0.9187547163,1.0098480605803097,0.9204422148359978,0.0019382188979335572
