,Name,true,Optimisation of set 31,R_hat,Posterior mean,Posterior std. dev.
0,P_Cab,7.964040023811162e-05,7.95105e-05,1.0057682416150913,7.948789036300516e-05,8.4679704636797e-08
1,G_Kr,0.0302119992426686,0.0302461169,1.0020394542805073,0.030245198208977097,1.092089075066465e-05
2,G_ClCa,0.2218884050369058,0.21522845,1.0003621591716394,0.2152883617786459,0.00015443079540593553
