,Name,true,Optimisation of set 9,R_hat,Posterior mean,Posterior std. dev.
0,P_Cab,8.847710083838677e-05,9.0464e-05,1.0000565977052416,9.740758286131234e-05,3.608948074270961e-06
1,G_Kr,0.0292079247080409,0.0283041388,0.9999987728272521,0.027829689801971983,0.0004096572657299369
2,G_ClCa,0.2718607200400657,0.5577259809,0.9999798707087328,0.5582427004465004,0.003006887433785415
