,Name,true,Optimisation of set 4,R_hat,Posterior mean,Posterior std. dev.
0,P_Cab,8.679690509693345e-05,8.82513e-05,0.9999425373642344,8.963226213352033e-05,2.731748117353215e-06
1,G_Kr,0.0228875556219727,0.0206040031,1.0115091152417413,0.02063801888282262,0.00043687787641296354
2,G_ClCa,0.2107408790324817,0.9568709669,1.003248633773883,0.9593105151521603,0.0018279287369746802
