,Name,true,Optimisation of set 37,R_hat,Posterior mean,Posterior std. dev.
0,P_Cab,8.34238916001e-05,8.34682e-05,1.0020104218307635,8.353734465458174e-05,7.002905254311033e-08
1,G_Kr,0.032390008460866,0.0323789323,1.0020383539757414,0.03237500135669757,1.5871945239403596e-05
2,G_ClCa,0.389344959886935,0.3874931275,1.000585319022053,0.38755523310493384,0.00013997929125426166
