,Name,true,Optimisation of set 36,R_hat,Posterior mean,Posterior std. dev.
0,P_Cab,8.699274721136499e-05,8.72023e-05,1.0408363869539237,8.590217096602716e-05,2.341444552054516e-06
1,G_Kr,0.0317415429155859,0.0298921489,1.0125033655180773,0.029605500399940782,0.0005456620508731312
2,G_ClCa,0.2024740015235723,0.5986649136,1.0124100845663608,0.6031377355060958,0.0054487002423398625
