,Name,true,Optimisation of set 37,R_hat,Posterior mean,Posterior std. dev.
0,P_Cab,8.34238916001e-05,8.52453e-05,1.0048789959198465,8.081387440644048e-05,2.556631510842326e-06
1,G_Kr,0.032390008460866,0.0302674196,1.000870100472008,0.03024843567678861,0.0003229216384973385
2,G_ClCa,0.389344959886935,0.9729197103,1.0278618388840854,0.9760337154914676,0.0018658788898103594
