,Name,true,Optimisation of set 41,R_hat,Posterior mean,Posterior std. dev.
0,P_Cab,6.614477408005604e-05,6.68937e-05,0.9998247427979727,7.358123311326629e-05,2.7603507143239838e-06
1,G_Kr,0.0349257169066483,0.0354182751,0.999992394228367,0.03412540403223917,0.0006115762078641536
2,G_ClCa,0.3777119801626665,0.8929598759,1.0119189664083459,0.8873905380537677,0.0030220856116161287
