,Name,true,Optimisation of set 45,R_hat,Posterior mean,Posterior std. dev.
0,P_Cab,0.0001032296783941,0.0001033591,1.0180642108243358,0.00010341500347451733,7.686606213008487e-08
1,G_Kr,0.028328635397401,0.0283484883,1.0056871101286249,0.02836106499416146,1.814681660629691e-05
2,G_ClCa,0.2705656866414089,0.2648951716,1.0026649247609936,0.264674297557752,0.00022559847614519958
