,Name,true,Optimisation of set 3,R_hat,Posterior mean,Posterior std. dev.
0,P_Cab,9.057348023559446e-05,9.07363e-05,1.0393440474802131,9.076730810542637e-05,9.394657590119683e-08
1,G_Kr,0.0298686438091079,0.0298544152,0.9999259586628919,0.029874634693116416,2.525506348354094e-05
2,G_ClCa,0.2644389546589964,0.2751299945,1.0031796503539392,0.27497565616676656,0.00019656015176025882
