,Name,true,Optimisation of set 20,R_hat,Posterior mean,Posterior std. dev.
0,P_Cab,7.773687050411881e-05,7.92286e-05,1.0045940689954715,7.763508823452664e-05,2.7317784232760104e-06
1,G_Kr,0.0312060520273637,0.0294871838,1.0024331018194803,0.029591203194920784,0.00032058793769703157
2,G_ClCa,0.2371203450335129,0.6813758246,1.0027842544678573,0.6818431404979396,0.005343218193087611
