,Name,true,Optimisation of set 34,R_hat,Posterior mean,Posterior std. dev.
0,P_Cab,7.94512890358901e-05,7.97107e-05,0.9998130923371362,7.969796109360171e-05,9.101382424598597e-08
1,G_Kr,0.0282370349486979,0.0282035242,1.000472965080618,0.02820750861586643,1.7278880640174088e-05
2,G_ClCa,0.277421970826003,0.2808117368,0.9998216819897137,0.2807379980842828,0.00016582972561113667
