,Name,true,Optimisation of set 42,R_hat,Posterior mean,Posterior std. dev.
0,P_Cab,7.131234735240435e-05,7.13828e-05,0.9998322482651871,7.138286719901715e-05,7.288948872443481e-08
1,G_Kr,0.0293732764319626,0.0293803596,0.9999330940015589,0.02938958225042265,2.0959773825125655e-05
2,G_ClCa,0.2885496324641624,0.2947521845,1.002266317151022,0.29481203752718266,0.0001802829845864851
