,Name,true,Optimisation of set 36,R_hat,Posterior mean,Posterior std. dev.
0,P_Cab,8.699274721136499e-05,8.6824e-05,1.0143896011308284,8.679585382980461e-05,9.86145859178693e-08
1,G_Kr,0.0317415429155859,0.0317183376,1.0221280874056564,0.03173477305814109,1.917079273854168e-05
2,G_ClCa,0.2024740015235723,0.2024975886,0.9999577607469186,0.20238518050251286,0.00010787553130568423
