,Name,true,Optimisation of set 43,R_hat,Posterior mean,Posterior std. dev.
0,P_Cab,7.743155844572843e-05,8.25699e-05,1.0012837262533123,7.91084352303952e-05,2.2199824304648525e-06
1,G_Kr,0.0246335555794165,0.0230883971,1.000569699989597,0.022860087450587527,0.0005880005207353317
2,G_ClCa,0.287223868060603,0.9847985462,1.0049618311519064,0.9859020516955603,0.0006585409774316499
