,Name,true,Optimisation of set 26,R_hat,Posterior mean,Posterior std. dev.
0,P_Cab,8.490984110404261e-05,8.48488e-05,1.0007776048836794,8.48862550187459e-05,8.949411312099944e-08
1,G_Kr,0.0225298556761966,0.0225398884,1.0093279820488872,0.02254965006527772,1.3165802573197306e-05
2,G_ClCa,0.2749320923431693,0.2721361707,1.0436727847188838,0.27212268719487953,0.0001569784057531133
