,Name,true,Optimisation of set 5,R_hat,Posterior mean,Posterior std. dev.
0,P_Cab,7.669267251200458e-05,8.09164e-05,1.0273155574092885,8.379992495800917e-05,3.2901329974148062e-06
1,G_Kr,0.0272232181555897,0.0284727381,1.0106481658955488,0.029440221792761116,0.0006006483473928249
2,G_ClCa,0.2977010774985254,0.0102386068,1.0009596176551572,0.01023711774451148,1.2761915414596822e-05
