,Name,true,Optimisation of set 38,R_hat,Posterior mean,Posterior std. dev.
0,P_Cab,8.134026340092414e-05,8.24578e-05,1.030139804069973,8.573787179823162e-05,3.043642124017806e-06
1,G_Kr,0.0335519504533363,0.0323382179,1.0011622624771352,0.0330857613337723,0.0007409599767116931
2,G_ClCa,0.2828197165809199,0.4033526525,1.0042206517497507,0.3985859059536538,0.0036437903393192798
