,Name,true,Optimisation of set 47,R_hat,Posterior mean,Posterior std. dev.
0,P_Cab,0.0001001793533505,9.93506e-05,1.0037614071106997,9.71872082710656e-05,3.3035361739672032e-06
1,G_Kr,0.0243599682255876,0.0227802147,1.0293973314204192,0.022940578871106263,0.0005077437441792684
2,G_ClCa,0.2921737108971101,0.847920909,1.0343508774342767,0.847145230797823,0.00505630764478287
