,Name,true,Optimisation of set 45
0,P_Cab,0.0001032296783941,0.0001033591
1,G_Kr,0.028328635397401,0.0283484883
2,G_ClCa,0.2705656866414089,0.2648951716
