,Name,true,Optimisation of set 0
0,P_Cab,8.999749309706428e-05,9.46746e-05
1,G_Kr,0.0314342573898607,0.033387329
2,G_ClCa,0.311920677707304,0.057950065
